Feature,Beta,OR,CI_low,CI_high,p_value,N,Error,p_value_fdr,significant_fdr,Feature_raw
Depression symptoms,0.5533237840665145,1.7390235613391192,1.430446826759041,2.1141666298386785,2.8238630702554643e-08,575,,1.722556472855833e-06,True,Depression
Self-esteem issues,0.4950054482588564,1.6405071769404518,1.3543033478737427,1.9871942292828384,4.179249050009337e-07,575,,1.2746709602528477e-05,True,SelfEsteem
Emotional symptoms,0.3970943385665304,1.4874962516964356,1.2433892164870632,1.7795273350225065,1.4124019948664805e-05,575,,0.0002871884056228,True,FEMOTION
Peer problems,0.3793159251688882,1.4612846194168256,1.222076883421779,1.74731456581132,3.198074319765502e-05,575,,0.0004877063337642,True,FPEER
Childhood illness: yes,0.6982790433081046,2.0102901066203813,1.3151898702241611,3.072762651439058,0.0012569722051499,575,,0.0146584748206025,True,child_ilness_Yes
Male sex,-0.7539070197384956,0.47052460789616,0.2959150376255836,0.7481654477997853,0.001441817195469,575,,0.0146584748206025,True,sex_male
Parent 1 psychological distress,0.2559339274080389,1.291667381308364,1.0834912834791257,1.5398412976417353,0.0043131535616109,575,,0.035398900289852,True,mKessler
BMI,0.2574801616038885,1.2936661464642958,1.082429544732033,1.5461256639314036,0.0046424787265379,575,,0.035398900289852,True,BMI
Parent 1 depression: yes,0.4624200010356362,1.587912087912087,1.0862543052649556,2.3212472316252835,0.0169821149603061,575,,0.1151010013976306,False,mDepression_Yes
Weight status: obese,0.6768662949558079,1.9677018633540373,1.0103862182851588,3.832050114082423,0.0465486444711488,575,,0.2811296800230005,False,Obesity_obese
Alcohol use: many occasions,1.7023528815124704,5.486842105263158,0.9948282623528568,30.261943118590768,0.0506955160697214,575,,0.2811296800230005,False,child_alcohol_many
Parent 1 extraversion,-0.1720060920727575,0.8419740437857409,0.7012323562925717,1.010963461750378,0.065305855680607,575,,0.331971433043086,False,mExtravert
Parent 1 neuroticism,0.1619350429370819,1.1757838633739917,0.9781748312510454,1.4133134989811078,0.0845378547852974,575,,0.3742370129398564,False,mNeurotic
Alcohol use: some occasions,0.332461378348265,1.3943960442665406,0.9541402816493346,2.037792938481932,0.0858904619861965,575,,0.3742370129398564,False,child_alcohol_some
Risk-taking,-0.1494797596308382,0.8611558679559795,0.7150093447760134,1.0371744569958448,0.115179546241999,575,,0.4150886212329973,False,cog_risk_taking
History of loss of consciousness: yes,1.40811340851453,4.088235294117645,0.6765972767305435,24.70253486805778,0.1249538131252301,575,,0.4150886212329973,False,knockedout_Yes
Parent 1 religion: Hindu,1.40811340851453,4.088235294117645,0.6765972767305435,24.70253486805778,0.1249538131252301,575,,0.4150886212329973,False,mReligion_hindu
Parent 2 extraversion,-0.1446488857116998,0.8653260681243037,0.718489669768583,1.0421711482875504,0.1273525581782998,575,,0.4150886212329973,False,fExtravert
Cannabis use: more than 5 times,0.8562373754260126,2.354285714285715,0.7787161437931202,7.117691431811778,0.1292898984168352,575,,0.4150886212329973,False,child_cannabis_more than 5
Parent 1 ethnicity: non-White,-0.5832680361219283,0.5580715850986121,0.2539305609072744,1.2264923646122483,0.146550262162057,575,,0.4346663212865599,False,mEthnicity_non-white
Conduct problems,0.1299768188397749,1.1388019842673809,0.954242937553316,1.3590563873561434,0.1496392253609468,575,,0.4346663212865599,False,FCONDUCT
Parent 1 education: higher education,-0.2606077208927138,0.7705831440008659,0.5331330636298313,1.1137902004715086,0.1655635549723485,575,,0.4590625842415118,False,mEdu_higher edu
Parent 1 conscientiousness,-0.1240594361215506,0.8833273377714589,0.7380690735837717,1.0571736624402155,0.1759158286255537,575,,0.4665593715721209,False,mConscienc
Risk adjustment,-0.121813018718359,0.885313890153255,0.733982111683861,1.0678471200070307,0.202791000515631,575,,0.5125878062300054,False,cog_risk_adjustment
Parent 1 employment: managerial,0.2390881963171014,1.2700905489530276,0.8738916027165653,1.8459154402276592,0.2100769697663956,575,,0.5125878062300054,False,mEmploy_management
Parent 1 openness,0.1132901427242345,1.1199568331391856,0.930112995923328,1.348549384421836,0.2318974198539094,575,,0.5412247675543364,False,mOpenness
Weight status: overweight,0.2551829050588262,1.2906976744186045,0.8370434654827162,1.9902198098982615,0.2481172160488132,575,,0.5412247675543364,False,Obesity_overweight
Cannabis use: 1–4 times,0.3989433458617769,1.4902491874322858,0.7568886915693028,2.934173367074598,0.2484310408446134,575,,0.5412247675543364,False,child_cannabis_one to four
Parent 1 religion: Muslim,-0.5619219290554932,0.5701122948459545,0.2128738585544335,1.5268574119043754,0.2635723491920284,575,,0.5544108034728874,False,mReligion_muslim
Prosocial behaviour,0.1056199577545015,1.111399417505207,0.9180635733096004,1.3454500332455328,0.2787050647842621,575,,0.5656086145972015,False,FPROSOC
Parent 2 openness,-0.098222393777567,0.9064472930985968,0.7563883582371115,1.086276231274576,0.2874404434838237,575,,0.5656086145972015,False,fOpenness
Parent 2 alcohol use: high risk,0.2403025400033956,1.271633812228533,0.8029604870350925,2.0138631707442913,0.3056230618610177,575,,0.582593961672565,False,fAlcohol_binary_high risk
Parent 2 depression: yes,0.3216722726803325,1.379432624113475,0.7208030556910981,2.6398811012866346,0.3313650728199149,575,,0.6125233164246912,False,fDepression_Yes
History of head injury: yes,-0.7304335202478922,0.4817001180637547,0.1055619039330299,2.198094152316934,0.3456293964248601,575,,0.6200997994681314,False,banghead_Yes
Mean 24-hour acceleration,-0.6935615124379799,0.4997928769727822,0.1093745241817443,2.2838309171307336,0.3709618113837133,575,,0.6333705622200618,False,mean_acc_24h
Moderate-to-vigorous physical activity,-0.1085270361730608,0.8971546388609998,0.7056009246968696,1.1407105884613102,0.3758084788687308,575,,0.6333705622200618,False,mvpa_acc_5sec
Parent 2 psychological distress,0.0770830248103033,1.080131750403645,0.9047852753345338,1.2894601957339256,0.393716434743645,575,,0.6333705622200618,False,fKessler
Parent 1 alcohol use: high risk,0.2189970353523606,1.2448275862068958,0.7518892191564567,2.060936212278952,0.3945587108911861,575,,0.6333705622200618,False,mAlcohol_binary_high risk
Parent 1 education: overseas qualification,-0.6326753588049281,0.531168831168831,0.115077233672704,2.451747562925514,0.4175014812100569,575,,0.6448720946943741,False,mEdu_overseas
Parent 2 agreeableness,-0.0722811661065761,0.930269298840006,0.776763183795661,1.114111722102335,0.4321113277756557,575,,0.6448720946943741,False,fAgree
Most active 5 hour block start time,-0.0743019831517105,0.928391292976576,0.7708835517653787,1.118081182171914,0.4334386210240875,575,,0.6448720946943741,False,m5_hour_start
Parent 1 employment: self-employed,-0.2541387190426677,0.7755842062852539,0.3736231425369888,1.6099935805758487,0.4952386979300852,575,,0.6887090136744862,False,mEmploy_s-emp
Parent 2 conscientiousness,0.0649070234682241,1.0670598082517095,0.8841522041717924,1.2878061367869866,0.4986780544612421,575,,0.6887090136744862,False,fConscienc
Decision-making,0.0647443350157624,1.0668862240632753,0.8837149417515695,1.2880241821417315,0.5005110055715594,575,,0.6887090136744862,False,cog_decision_making
History of sexual assault: yes,0.2039526263258396,1.2262400605831123,0.6703018543492479,2.243264995348528,0.5080640264811784,575,,0.6887090136744862,False,sexualassault_Yes
Parent 2 neuroticism,-0.0538578965683524,0.9475667494217692,0.7873754210864516,1.140348962596272,0.5686706953788396,575,,0.7541067916980265,False,fNeurotic
Parent 1 agreeableness,-0.0507729511801696,0.9504944546789222,0.7927362749580854,1.139647240720944,0.583474314591651,575,,0.7572751742572492,False,mAgree
Parent 2 alcohol use,-0.0489461472993696,0.9522324086045696,0.7893352093138081,1.148747134674407,0.6091210748706981,575,,0.7740913659815122,False,fAlcohol
Special educational needs: yes,-0.244603179818019,0.7830151928320996,0.2838968440964849,2.159632292346012,0.6365336912103604,575,,0.7924194931394283,False,child_specneeds_Yes
Autism diagnosis: yes,-0.2206955696755695,0.8019607843137256,0.2177893174756586,2.9530424496094354,0.7400104214480508,575,,0.887073739176497,False,child_autism_Yes
Parent 1 employment: semi-routine or routine,-0.0836628374021472,0.9197413061916876,0.5592986093858264,1.512473044129526,0.7416518147213336,575,,0.887073739176497,False,mEmploy_semi-rou and routine
Word activity score,-0.028147203608285,0.9722452382597768,0.8085671010190084,1.1690567203730295,0.7647349992701972,575,,0.897092979913116,False,cog_word_activity
Hyperactivity/inattention,-0.0217849018357488,0.9784506753618172,0.8134900444749569,1.1768622500277792,0.8171156512351387,575,,0.9283229117220172,False,FHYPER
Least active 5h block start time,0.019425047162942,1.0196149409639934,0.8476351097128169,1.226488398043392,0.8367118543881065,575,,0.9283229117220172,False,l5_hour_start
ADHD diagnosis: yes,0.1432875675698877,1.1540616246498605,0.2946666316434336,4.519881420102949,0.837012461388704,575,,0.9283229117220172,False,child_ADHD_Yes
Parent 1 religion: none,0.0274258129809074,1.027805362462761,0.7115333110522445,1.4846583381247238,0.8837887305235518,575,,0.9626984386060118,False,mReligion_none
Parent 1 employment: lower supervisory or technical,-0.0242142581205946,0.9760765550239234,0.3061546613427721,3.111908984461597,0.9673492035427104,575,,0.9944205445524256,False,mEmploy_lo sup and tech
Parent 1 religion: Christian,-0.0071415451052692,0.9928838951310864,0.6844222541739775,1.4403658314711771,0.9699878038626316,575,,0.9944205445524256,False,mReligion_christian
Parent 1 alcohol use,0.0034612637956645,1.0034672608863708,0.8350740663642133,1.2058170457321102,0.9705400410758628,575,,0.9944205445524256,False,mAlcohol
Parent 1 age,-0.0025725130770158,0.9974307929991676,0.8299369525604243,1.198727425925183,0.978118568412222,575,,0.9944205445524256,False,mAge
Parent 1 religion: Sikh,-36.906974994935155,9.364927422164031e-17,0.0,inf,0.9999996505629368,575,,0.9999996505629368,False,mReligion_sikh
Parent 1 religion: other,,,,,,575,Singular matrix,,,mReligion_other
